
INSERT INTO oomall_brand VALUES
(
1001000,
'MUJI制造商',oomall_admin
'严选精选了MUJI制造商和生产原料，\n用几乎零利润的价格，剔除品牌溢价，\n让用户享受原品牌的品质生活。',
'http://yanxuan.nosdn.127.net/1541445967645114dd75f6b0edc4762d.png',
'2018-02-01 00:00:00',
'2018-02-01 00:00:00',
0),

(
1001002,
'内野制造商',
'严选从世界各地挑选毛巾，最终选择了为日本内野代工的工厂，追求毛巾的柔软度与功能性。品质比肩商场几百元的毛巾。',
'http://yanxuan.nosdn.127.net/8ca3ce091504f8aa1fba3fdbb7a6e351.png',
'2018-02-01 00:00:00',
'2018-02-01 00:00:00',
0),

(
1001003,
'Adidas制造商',
'严选找到为Adidas等品牌制造商，\n选取优质原材料，与厂方一起设计，\n为你提供好的理想的运动装备。',
'http://yanxuan.nosdn.127.net/335334d0deaff6dc3376334822ab3a2f.png',
'2018-02-01 00:00:00',
'2018-02-01 00:00:00',
0),

(
1001007,
'优衣库制造商',
'严选找到日本知名服装UNIQLO的制造商，\n选取优质长绒棉和精梳工艺，\n与厂方一起设计，为你提供理想的棉袜。',
'http://yanxuan.nosdn.127.net/0d72832e37e7e3ea391b519abbbc95a3.png',
'2018-02-01 00:00:00',
'2018-02-01 00:00:00',
0),

(
1001008,
'膳魔师制造商',
'严选深入保温行业内部，\n找到德国膳魔师制造商的代工厂。\n同样的品质，却有更优的价格。',
'http://yanxuan.nosdn.127.net/5fd51e29b9459dae7df8040c8219f241.png',
'2018-02-01 00:00:00',
'2018-02-01 00:00:00',
0),

(
1001009,
'星巴克制造商',
'严选寻访全国保温杯制造企业，\n最终找到高端咖啡品牌星巴克的制造商，\n专注保温杯生产20年，品质与颜值兼备。',
'http://yanxuan.nosdn.127.net/5668bc50f2f2e551891044525710dc84.png',
'2018-02-01 00:00:00',
'2018-02-01 00:00:00',
0),

(
1001010,
'Wedgwood制造商',
'严选寻访英国皇室御用陶瓷Wedgwood制造商，\n制模到成品，历经25道工序、7次检验、3次烧制，\n你看不见的地方，我们也在坚持。',
'http://yanxuan.nosdn.127.net/68940e8e23f96dbeb3548d943d83d5e4.png',
'2018-02-01 00:00:00',
'2018-02-01 00:00:00',
0),

(
1001013,
'Royal Doulton制造商',
'严选深入英国最大骨瓷品牌Royal Doulton制造商， \n顶级英国瓷器的代名词，广受世界皇室喜爱。\n每件瓷器，都有自己的故事。',
'http://yanxuan.nosdn.127.net/0de643a02043fd9680b11e21c452adaa.png',
'2018-02-01 00:00:00',
'2018-02-01 00:00:00',
0);



-- oomall_goods_category

INSERT INTO `oomall_goods_category` VALUES
(1005000,'居家','1','2018-02-01 00:00:00','2018-02-01 00:00:00',0,'http://yanxuan.nosdn.127.net/a45c2c262a476fea0b9fc684fed91ef5.png'),
(1005001,'餐厨','1','2018-02-01 00:00:00','2018-02-01 00:00:00',0,'http://yanxuan.nosdn.127.net/3708dbcb35ad5abf9e001500f73db615.png'),
(1005002,'饮食','1','2018-02-01 00:00:00','2018-02-01 00:00:00',0,'http://yanxuan.nosdn.127.net/fb670ff3511182833e5b035275e4ac09.png'),
(1005007,'锅具',1005001,'2018-02-01 00:00:00','2018-02-01 00:00:00',0,'http://yanxuan.nosdn.127.net/4aab4598017b5749e3b63309d25e9f6b.png'),
(1005008,'餐具',1005001,'2018-02-01 00:00:00','2018-02-01 00:00:00',0,'http://yanxuan.nosdn.127.net/f109afbb7e7a00c243c1da29991a5aa3.png'),
(1005009,'清洁',1005001,'2018-02-01 00:00:00','2018-02-01 00:00:00',0,'http://yanxuan.nosdn.127.net/e8b67fe8b8db2ecc2e126a0aa631def0.png'),
(1005010,'炒货',1005002,'2018-02-01 00:00:00','2018-02-01 00:00:00',0,'http://yanxuan.nosdn.127.net/6c43063003207168c1d8e83a923e8515.png'),
(1005011,'小食',1005002,'2018-02-01 00:00:00','2018-02-01 00:00:00',0,'http://yanxuan.nosdn.127.net/663f568475c994358bf31bcb67d122fe.png'),
(1005012,'食材',1005002,'2018-02-01 00:00:00','2018-02-01 00:00:00',0,'http://yanxuan.nosdn.127.net/e050980992725b7932bb3645fe5aec08.png'),
(1005013,'冲饮',1005002,'2018-02-01 00:00:00','2018-02-01 00:00:00',0,'http://yanxuan.nosdn.127.net/2919b0d6eec79182cca31dc827f4d00a.png');



-- oomall_goods

INSERT INTO `oomall_goods` VALUES
(
1006002,
'2018-02-01 00:00:00',
'2018-02-01 00:00:00',
'水洗四件套',
'1006002',
'四件套',
'设计师原款，精致绣花',
'设计师原款，精致绣花',
'http://yanxuan.nosdn.127.net/4eb09e08ac9de543d2291d27a6be0b54.jpg/',
null,
0,
null,
null,
100600,
123456,
0,
100.00,
'100ml',
0,
0,
100),

(
1006003,
'2018-02-01 00:00:00',
'2018-02-01 00:00:00',
'格夏凉被',
'1127052',
'凉被',
'100%棉填充，透气排汗，双面可用',
'100%棉填充，透气排汗，双面可用',
'http://yanxuan.nosdn.127.net/4eb09e08ac9de543d2291d27a6be0b54.jpg/',
null,
0,
null,
null,
101600,
122256,
0,
100.00,
'100ml',
0,
0,
100),

(
1006019,
'2018-02-01 00:00:00',
'2018-02-01 00:00:00',
'农夫山泉',
'1127052',
'水',
'大自然的搬运工',
'大自然的搬运工',
'http://yanxuan.nosdn.127.net/4eb09e08ac9de543d2291d27a6be0b54.jpg/',
null,
0,
null,
null,
10100,
10986,
0,
100.00,
'100ml',
0,
0,
100),

(
1006029,
'2018-02-01 00:00:00',
'2018-02-01 00:00:00',
'蓝牙耳机',
'1127052',
'耳机',
'索尼WI-1000X',
'无线耳机',
'http://yanxuan.nosdn.127.net/4eb09e08ac9de543d2291d27a6be0b54.jpg/',
null,
0,
null,
null,
10100,
1086,
0,
10.00,
'100ml',
0,
0,
100),

(
1006239,
'2018-02-01 00:00:00',
'2018-02-01 00:00:00',
'多功能抱枕',
'1127052',
'抱枕',
'北欧风珊瑚绒多功能抱枕',
'靠枕暖手毛毯多用',
'http://yanxuan.nosdn.127.net/4eb09e08ac9de543d2291d27a6be0b54.jpg/',
null,
0,
null,
null,
107100,
108096,
0,
10.00,
'100ml',
0,
0,
100);



-- oomall_product

INSERT INTO `oomall_product` VALUES
 (
1,
'http://yanxuan.nosdn.127.net/1f67b1970ee20fd572b7202da0ff705d.png',
'[\"1.5m床垫*1+枕头*2\",\"浅杏粉"]',
1181000,
100.00,
100,
'2018-02-01 00:00:00',
'2018-02-01 00:00:00',
0),

 (
2,
'http://yanxuan.nosdn.127.net/36f64a7161b67e7fb8ea45be32ecfa25.png?quality=90&thumbnail=200x200&imageView',
'[\"1.5m床垫*1+枕头*2\",\"烟白灰"]',
1181000,
1000.00,
100,
'2018-02-01 00:00:00',
'2018-02-01 00:00:00',
0),

 (
4,
'http://yanxuan.nosdn.127.net/10022c73fa7aa75c2c0d736e96cc56d5.png?quality=90&thumbnail=200x200&imageView',
'[\"1.8m床垫*1+枕头*2\",\"浅杏粉"]',
1181000,
1001.00,
100,
'2018-02-01 00:00:00',
'2018-02-01 00:00:00',
0),

 (
5,
'quality=90&thumbnail=200x200&imageView',
'[\"1.8m床垫*1+枕头*2\",\"玛瑙红\"]',
1181000,
2001.00,
100,
'2018-02-01 00:00:00',
'2018-02-01 00:00:00',
0),

 (
6,
'quality=90&thumbnail=200x200&imageView',
'[\"1.8m床垫*1+枕头*2\",\"烟白灰\"]',
1181000,
3001.00,
100,
'2018-02-01 00:00:00',
'2018-02-01 00:00:00',
0),

 (
7,
'http://yanxuan.nosdn.127.net/8ab2d3287af0cefa2cc539e40600621d.png',
'[\"标准\"]',
1006002,
899.00,
100,
'2018-02-01 00:00:00',
'2018-02-01 00:00:00',
0),

 (
8,
'http://yanxuan.nosdn.127.net/66425d1ed50b3968fed27c822fdd32e0.png',
'[\"标准\"]',
1006007,
459.00,
100,
'2018-02-01 00:00:00',
'2018-02-01 00:00:00',
0),

 (
9,
'http://yanxuan.nosdn.127.net/8fe022126a2789d970f82853be13a5e6.png',
'[\"标准\"]',
1006010,
659.00,
100,
'2018-02-01 00:00:00',
'2018-02-01 00:00:00',
0),

 (
10,
'http://yanxuan.nosdn.127.net/583812520c68ca7995b6fac4c67ae2c7.png',
'[\"标准\"]',
1006013,
699.00,
100,
'2018-02-01 00:00:00',
'2018-02-01 00:00:00',
0);



-- oomall_footprint

INSERT INTO `oomall_footprint_item` VALUES
(
100611,
'2018-02-01 00:00:00',
'2018-02-01 00:00:00',
10086,
1006003
),
(
100612,
'2018-02-01 00:00:00',
'2018-02-01 00:00:00',
10086,
1006019
),
(
100613,
'2018-02-01 00:00:00',
'2018-02-01 00:00:00',
10086,
1006029
),
(
100619,
'2018-02-01 00:00:00',
'2018-02-01 00:00:00',
10096,
1006029
),
(
100621,
'2018-02-01 00:00:00',
'2018-02-01 00:00:00',
10096,
1006019
),
(
100622,
'2018-02-01 00:00:00',
'2018-02-01 00:00:00',
10096,
1006003
),
(
100623,
'2018-02-01 00:00:00',
'2018-02-01 00:00:00',
10096,
1006039
),
(
100625,
'2018-02-01 00:00:00',
'2018-02-01 00:00:00',
10086,
1006039
),
(
100635,
'2018-02-01 00:00:00',
'2018-02-01 00:00:00',
10086,
1006019
),
(
100645,
'2018-02-01 00:00:00',
'2018-02-01 00:00:00',
10126,
1006019
);



-- oomall_ad

INSERT INTO `oomall_ad` VALUES

(
1,'http://www.baidu.com',
'水洗四件套',
'好用',
'http://yanxuan.nosdn.127.net/4eb09e08ac9de543d2291d27a6be0b54.jpg/',1,1,
'2019-12-13 00:00:00',

'2019-12-23 00:00:00',

'2019-12-01 00:00:00',

'2019-12-02 00:00:00',0),

(
2,'http://www.baidu.com',
'格夏凉被',
'好看',
'http://yanxuan.nosdn.127.net/4eb09e08ac9de543d2291d27a6be0b54.jpg/',0,1,
'2019-12-15 00:00:00',

'2019-12-25 00:00:00',

'2019-12-01 00:00:00',

'2019-12-05 00:00:00',0),

(
3,'http://www.baidu.com','农夫山泉','好喝',
'http://yanxuan.nosdn.127.net/4eb09e08ac9de543d2291d27a6be0b54.jpg/',0,1,
'2019-12-16 00:00:00',

'2019-12-26 00:00:00',

'2019-12-01 00:00:00',

'2019-12-06 00:00:00',0),

(
4,'http://www.baidu.com','蓝牙耳机',
'好听',
'http://yanxuan.nosdn.127.net/4eb09e08ac9de543d2291d27a6be0b54.jpg/',0,1,
'2019-12-17 00:00:00',

'2019-12-27 00:00:00',

'2019-12-01 00:00:00',

'2019-12-09 00:00:00',0),

(
5,'http://www.baidu.com',
'多功能抱枕',
'好软',
'http://yanxuan.nosdn.127.net/4eb09e08ac9de543d2291d27a6be0b54.jpg/',0,1,
'2019-12-18 00:00:00',

'2019-12-28 00:00:00',

'2019-12-01 00:00:00',

'2019-12-03 00:00:00',0);



-- oomall_aftersales_service

INSERT INTO `oomall_aftersales_service` VALUES

(1,10086,
'2019-12-13 00:00:00',

'2019-12-23 00:00:00',0,1005000,

'2019-12-23 00:00:00','恶心',

'2019-12-29 00:00:00',0,0,0,1,1),


(2,10086,
'2019-12-13 00:00:00',

'2019-12-23 00:00:00',0,1005000,

'2019-12-23 00:00:00','不好用',

'2019-12-29 00:00:00',0,0,0,1,1),


(3,10086,
'2019-12-13 00:00:00',

'2019-12-23 00:00:00',0,1005001,

'2019-12-23 00:00:00','质量差',

'2019-12-29 00:00:00',0,0,0,1,1),


(4,10096,
'2019-12-13 00:00:00',

'2019-12-23 00:00:00',0,1005000,

'2019-12-23 00:00:00','号码不对',

'2019-12-29 00:00:00',0,0,0,1,1),


(5,10096,
'2019-12-13 00:00:00',

'2019-12-23 00:00:00',0,1005007,

'2019-12-23 00:00:00','恶心',

'2019-12-29 00:00:00',0,0,0,1,1);



-- oomall_collect_item

INSERT INTO `oomall_collect_item` VALUES

(1,10086,1006002,

'2019-12-13 00:00:00',

'2019-12-13 00:00:00'),


(
2,10096,
1006003,

'2019-12-12 02:00:00',

'2019-12-12 02:00:00'),


(
3,10126,
1006003,

'2019-12-11 05:00:00',

'2019-12-11 05:00:00'),


(4,10126,1006019,

'2019-12-11 00:45:00',

'2019-12-11 00:45:00'),


(5,10086,1006019,

'2019-12-11 00:00:00',

'2019-12-11 00:00:00');



-- oomall_default_freight

INSERT INTO `oomall_default_freight` VALUES
(10080,
'{"dest":[\'福建省厦门市\',\'福建省莆田市\',\'福建省漳州市\']}',
5,
1,
0.9,
0.7,
0.6,
0.5,
'3-4日到达',
'2018-02-01 00:00:00',
'2018-02-01 00:00:00',
0),
(10081,
'{"dest":[\'福建省厦门市\',\'福建省莆田市\',\'福建省漳州市\']}',
10,
1,
0.9,
0.7,
0.6,
0.5,
'次日到达',
'2018-02-01 00:00:00',
'2018-02-01 00:00:00',
0),
(10082,
'{"dest":[\'福建省福州市\',\'福建省泉州市\',\'福建省南平市\']}',
15,
1.1,
0.8,
0.7,
0.6,
0.5,
'次日到达',
'2018-02-01 00:00:00',
'2018-02-01 00:00:00',
0),
(10083,
'{"dest":[\'福建省福州市\',\'福建省泉州市\',\'福建省南平市\']}',
10,
1.1,
0.8,
0.7,
0.6,
0.5,
'3-4日到达',
'2018-02-01 00:00:00',
'2018-02-01 00:00:00',
0),
(10084,
'{"dest":[\'北京\',\'上海\',\'新疆省喀什\']}',
105,
11,
8,
7,
6,
5,
'次日到达',
'2018-02-01 00:00:00',
'2018-02-01 00:00:00',
0);



-- oomall_special_freight

INSERT INTO `oomall_special_freight` VALUES
(10080,
5,
100,
100,
70,
'2018-02-01 00:00:00',
'2018-02-01 00:00:00',
0),
(10081,
7,
90,
100,
70,
'2018-02-01 00:00:00',
'2018-02-01 00:00:00',
0),
(10082,
20,
60,
100,
90,
'2018-02-01 00:00:00',
'2018-02-01 00:00:00',
0),
(10083,
7,
20.8,
60,
70.6,
'2018-02-01 00:00:00',
'2018-02-01 00:00:00',
0),
(10084,
17,
21.8,
60,
60.6,
'2018-02-01 00:00:00',
'2018-02-01 00:00:00',
0);



-- oomall_share_rule

INSERT INTO `oomall_share_rule` VALUES
(
1001000,
'{"strategy": [{"lowerbound":"0", "upperbound":"1", "rate":"0.5"},
{"lowerbound":"2", "upperbound":"10", "rate":"0.7"},
{"lowerbound":"11", "upperbound":"30", "rate":"1"},
{"lowerbound":"31", "upperbound":"100", "rate":"1.5"}],"type":"1"}',
1006029,
'2018-02-01 00:00:00',
0,
'2018-02-01 00:00:00'
),
(
1001002,
'{"strategy": [{"lowerbound":"0", "upperbound":"1", "rate":"0.5"},
{"lowerbound":"2", "upperbound":"10", "rate":"0.7"},
{"lowerbound":"11", "upperbound":"30", "rate":"1"},
{"lowerbound":"31", "upperbound":"100", "rate":"1.5"}],"type":"0"}',
1006239,
'2018-02-01 00:00:00',
0,
'2018-02-01 00:00:00'
),

(
1001003,
'{"strategy": [{"lowerbound":"0", "upperbound":"1", "rate":"0.5"},
{"lowerbound":"2", "upperbound":"10", "rate":"0.7"},
{"lowerbound":"11", "upperbound":"30", "rate":"1"},
{"lowerbound":"31", "upperbound":"100", "rate":"1.5"}],"type":"0"}',
1006002,
'2018-02-01 00:00:00',
0,
'2018-02-01 00:00:00'
),

(
1001004,
'{"strategy": [{"lowerbound":"0", "upperbound":"1", "rate":"0.5"},
{"lowerbound":"2", "upperbound":"10", "rate":"0.7"},
{"lowerbound":"11", "upperbound":"30", "rate":"1"},
{"lowerbound":"31", "upperbound":"100", "rate":"1.5"}],"type":"1"}',
1006019,
'2018-02-01 00:00:00',
0,
'2018-02-01 00:00:00'
)
;



-- oomall_topic

INSERT INTO `oomall_topic` VALUES
(
1001000,
'2018-02-01 00:00:00',
'2018-02-01 00:00:00',
0,
'https://img.alicdn.com/tfs/TB1gWplnxtnkeRjSZSgXXXAuXXa-150-150.jpg',
'音响品牌日 天猫精灵限时优惠'
),

(
1001001,
'2018-02-01 00:00:00',
'2018-02-01 00:00:00',
0,
'https://img.alicdn.com/tfs/TB1BV5De9f2gK0jSZFPXXXsopXa-150-150.jpg',
'学生装备 精选好物'
),

(
1001002,
'2018-02-01 00:00:00',
'2018-02-01 00:00:00',
0,
'https://img.alicdn.com/tfs/TB1BV5De9f2gK0jSZFPXXXsopXa-150-150.jpg',
'手机馆 iPhone新品'
),

(
1001003,
'2018-02-01 00:00:00',
'2018-02-01 00:00:00',
0,
'https://img.alicdn.com/tfs/TB1jLf0fHj1gK0jSZFOXXc7GpXa-150-150.jpg',
'礼品馆 节日礼品精选'
)
;



-- oomall_be_shared_item

INSERT INTO `oomall_be_shared_item` VALUES
(
1001000,
1006029,
1001000,
0,
'2018-02-01 00:00:00',
10086,
'2018-02-01 00:00:00',
'2018-02-01 00:00:00',
0
),

(
1001001,
1006239,
1001001,
0,
'2018-02-01 00:00:00',
10086,
'2018-02-01 00:00:00',
'2018-02-01 00:00:00',
0
),

(
1001002,
1006002,
1001002,
0,
'2018-02-01 00:00:00',
10086,
'2018-02-01 00:00:00',
'2018-02-01 00:00:00',
0
),

(
1001003,
1006019,
1001003,
0,
'2018-02-01 00:00:00',
10086,
'2018-02-01 00:00:00',
'2018-02-01 00:00:00',
0
),

(
1001004,
1006029,
1001000,
0,
'2018-02-01 00:00:00',
10096,
'2018-02-01 00:00:00',
'2018-02-01 00:00:00',
0
),

(
1001005,
1006239,
1001001,
0,
'2018-02-01 00:00:00',
10096,
'2018-02-01 00:00:00',
'2018-02-01 00:00:00',
0
),

(
1001006,
1006002,
1001002,
0,
'2018-02-01 00:00:00',
10096,
'2018-02-01 00:00:00',
'2018-02-01 00:00:00',
0
),

(
1001007,
1006019,
1001003,
0,
'2018-02-01 00:00:00',
10096,
'2018-02-01 00:00:00',
'2018-02-01 00:00:00',
0
)
;



-- oomall_comment

INSERT INTO oomall_comment VALUES
(
    1,
	10086,
	'真的好用啊',
	1,
	3,
	1,
	'2018-02-01 00:00:00',
	'2018-02-01 00:00:00',
	0
),
(
	2,
	10096,
	'真的不好用啊',
	0,
	5,
	2,
	'2018-02-01 00:00:00',
	'2018-02-01 00:00:00',
	0
),
(
	3,
	10126,
	'真的难用啊',
	2,
	3,
	4,
	'2018-02-01 00:00:00',
	'2018-02-01 00:00:00',
	1
);



-- oomall_user

INSERT INTO oomall_user values
(10086, '10086', '10086', 1, '1999-08-05', 13988888888, '10086', 0, 'https://ss3.bdstatic.com/yrwDcj7w0QhBkMak8IuT_XF5ehU5bvGh7c50/logopic/18ed73ece744554c67ed1b7897151e49_fullsize.jpg',
    '2018-02-01 00:00:00', '1.1.1.1', 1, 1, 'wx_open_id_10086', 'session_key_10086', '2018-02-01 00:00:00', '2018-02-01 00:00:00', 0),
(10096, '10096', '10096', 1, '2000-01-01', 13988888888, '10096', 0, 'https://ss3.bdstatic.com/yrwDcj7w0QhBkMak8IuT_XF5ehU5bvGh7c50/logopic/18ed73ece744554c67ed1b7897151e49_fullsize.jpg',
    '2018-02-01 00:00:00', '1.1.1.1', 2, 1, 'wx_open_id_10096', 'session_key_10096', '2018-02-01 00:00:00', '2018-02-01 00:00:00', 0),
(10126, '10126', '10126', 1, '2019-01-01', 13988888888, '10126', 0, 'https://ss3.bdstatic.com/yrwDcj7w0QhBkMak8IuT_XF5ehU5bvGh7c50/logopic/18ed73ece744554c67ed1b7897151e49_fullsize.jpg',
    '2018-02-01 00:00:00', '1.1.1.1', 3, 1,'wx_open_id_10126', 'session_key_10126', '2018-02-01 00:00:00', '2018-02-01 00:00:00', 0);



-- oomall_address

INSERT INTO `oomall_address` VALUES

(1,'2019-12-13 00:00:00',

'2019-12-13 00:00:00',0,999,8,94,'黑龙江省鸡西市鸡东县','230321','hh','15396233224',1,10086),


(2,'2019-12-13 00:00:00',

'2019-12-13 00:00:00',0,517,3,40,'河北省张家口市张北县','130722','hh','15396233224',0,10086),


(3,'2019-12-13 00:00:00',

'2019-12-13 00:00:00',0,672,4,55,'山西省临汾市安泽县','141026','hh','15396233224',0,10086),


(4,'2019-12-13 00:00:00',

'2019-12-13 00:00:00',0,906,7,83,'吉林省长春市农安县','220122','hh','15396278965',1,10096),


(5,'2019-12-13 00:00:00',

'2019-12-13 00:00:00',0,965,8,92,'黑龙江省哈尔滨市呼兰区','230111','hh','15396278965',0,10096);



-- oomall_admin

INSERT INTO `oomall_admin` VALUES
(
    1,
	'2018-02-01 00:00:00',
	'2018-02-01 00:00:00',
	'张三',
	'wanhgj',
	1,
	0
),
(
    2,
	'2018-02-01 00:00:00',
	'2018-02-01 00:00:00',
	'张五',
	'wanhg',
	2,
	0
),
(
    10,
	'2018-02-01 00:00:00',
	'2018-02-01 00:00:00',
	'李三',
	'wanj',
	3,
	0
);



-- oomall_coupon

INSERT INTO `oomall_coupon` VALUES
(
    1,
	10086,
	1,
	'assfdf',
	'2019-12-19 00:00:00',
	'2020-01-01 00:00:00',
	null,
	'满100减5',
	'https://l.xmu.edu.cn/mod/forum/discuss.php?d=6453',
	'2018-02-01 00:00:00',
	'2018-02-01 00:00:00',
	0,
	0
),
(
    2,
	10096,
	2,
	'sddfdf',
	'2019-12-19 00:00:00',
	'2020-01-01 00:00:00',
	null,
	'满1000减50',
	'https://l.xmu.edu.cn/mod/forum/discuss.php',
	'2018-02-01 00:00:00',
	'2018-02-01 00:00:00',
	0,
	0
),
(
    3,
	10126,
	3,
	'sddfdfsdsfdf',
	'2019-12-19 00:00:00',
	'2020-01-01 00:00:00',
	null,
	'满1000减100',
	'https://l.xmu.edu.cn/mod/forum/discuss',
	'2018-02-01 00:00:00',
	'2018-02-01 00:00:00',
	0,
	0
);



-- oomall_coupon_rule

INSERT INTO `oomall_coupon_rule` VALUES
(
    1,
	'满100减5',
	'超值的优惠券',
	'2019-12-19 00:00:00',
	'2020-01-01 00:00:00',
	'https://l.xmu.edu.cn/mod/forum/discuss.php?d=6453',
	12,
	'{"name":"xmu.oomall.discount.domain.DiscountStrategy.NumberStrategy", "obj":{"threshold":100, "offCash":5}}',
	100,
	20,
	'{"goodsIds": [1006002, 1006003, 1006019]}',
	null,
	'2018-02-01 00:00:00',
	'2018-02-01 00:00:00',
	0
),
(
    2,
	'满1000减50',
	'超值的优惠券',
	'2019-12-19 00:00:00',
	'2020-01-01 00:00:00',
	'https://l.xmu.edu.cn/mod/forum/discuss.php?d=6453',
	12,
	'{"name":"xmu.oomall.discount.domain.DiscountStrategy.NumberStrategy", "obj":{"threshold":1000, "offCash":50}}',
	100,
	30,
	'{"goodsIds": [1006002, 1006003, 1006239]}',
	null,
	'2018-02-01 00:00:00',
	'2018-02-01 00:00:00',
	0
),
(
    3,
	'满1000减100',
	'超值的优惠券',
	'2019-12-19 00:00:00',
	'2020-01-01 00:00:00',
	'https://l.xmu.edu.cn/mod/forum/discuss.php?d=6453',
	12,
	'{"name":"xmu.oomall.discount.domain.DiscountStrategy.NumberStrategy", "obj":{"threshold":1000, "offCash":100}}',
	100,
	20,
	'{"goodsIds": [1006002, 1006003, 1006019]}',
	null,
	'2018-02-01 00:00:00',
	'2018-02-01 00:00:00',
	0
);



-- oomall_groupon_rule

INSERT INTO `oomall_groupon_rule` VALUES
(
    1,
	'2018-02-01 00:00:00',
	'2018-02-01 00:00:00',
	0,
	'2019-12-19 00:00:00',
	'2020-01-01 00:00:00',
	1,
	'{"strategy": [{"lowerbound":0, "upperbound":100, "rate":0.95}, {"lowerbound":100, "upperbound":200, "rate":0.9}]}',
	1006002
),
(
    2,
	'2018-02-01 00:00:00',
	'2018-02-01 00:00:00',
	0,
	'2019-12-19 00:00:00',
	'2020-01-01 00:00:00',
	1,
	'{"strategy": [{"lowerbound":0, "upperbound":100, "rate":0.95}, {"lowerbound":100, "upperbound":200, "rate":0.9}]}',
	1006003
),
(
    3,
	'2018-02-01 00:00:00',
	'2018-02-01 00:00:00',
	0,
	'2019-12-19 00:00:00',
	'2020-01-01 00:00:00',
	1,
	'{"strategy": [{"lowerbound":0, "upperbound":100, "rate":0.95}, {"lowerbound":100, "upperbound":200, "rate":0.9}]}',
	1006019
);



-- oomall_log

INSERT INTO `oomall_log` VALUES
(
    1,
	1,
	'11.11.11.11',
	0,
	'查询用户地址',
	1,
	'2018-02-01 00:00:00',
	'2018-02-01 00:00:00',
	1
),
(
    2,
	2,
	'110.110.110.110',
	2,
	'修改一个product信息',
	1,
	'2018-02-01 00:00:00',
	'2018-02-01 00:00:00',
	1
),
(
    3,
	10,
	'111.111.111.111',
	3,
	'删除一个product',
	1,
	'2018-02-02 00:00:00',
	'2018-02-02 00:00:00',
	1
);



-- oomall_order

INSERT INTO `oomall_order` values
(1001, 10086, '201912150033', 1, 'mingqcn', '13988888888', '请尽快送达', 182.43, 20, 0, 0, 0,
     '201912150033', 1, '2018-02-01 00:00:00', '2018-02-01 00:00:00', '2018-02-01 00:00:00', '2018-02-01 00:00:00', null,
      '福建省厦门市思明区曾厝安西路', '2018-02-01 00:00:00', '2018-02-01 00:00:00', 0),
(1002, 10096, '201912150034', 2, 'mingqcn', '13988888888', '请尽快送达', 121.12, 10, 0, 0, 0,
   '201912150033', 1, '2018-02-01 00:00:00', '2018-02-01 00:00:00', '2018-02-01 00:00:00', '2018-02-01 00:00:00', null,
    '福建省厦门市思明区曾厝安西路', '2018-02-01 00:00:00', '2018-02-01 00:00:00', 0);


-- oomall_order_item

INSERT INTO `oomall_order_item` values
(10001, 1001, 0, 1, 2, 100, 100, 1, '2018-02-01 00:00:00', '2018-02-01 00:00:00', 0, 1181000, 'www.baidu.com', '["1.5m床垫*1+枕头*2","浅杏粉"]')
